qno,Question,answer
1,"Define theatre and explain its fundamental elements.","Definition:
Theatre is a collaborative performing art where live actors present the experience of a real or imagined event before a live audience in a specific place. Unlike movies, which are recorded, theatre happens in real-time, making every single performance unique.
Fundamental Elements:
The Actors: The people who bring the characters to life. They use their voices, bodies, and emotions to tell the story.
The Audience: Theatre cannot exist without an audience. The energy and reactions of the crowd (laughing, gasping, clapping) directly impact how the actors perform.
The Space (Stage): This is where the performance takes place. It doesn't have to be a fancy auditorium; it can be a street corner, a village square, or a traditional stage.
The Script or Story: The narrative blueprint. It contains the dialogue and stage directions, usually written by a playwright. Even improvised theatre has a basic story structure.
Technical Elements (Design): This includes sets, costumes, lighting, and sound. These elements work together to create the atmosphere—for example, dark lighting and thunder sound effects to create a spooky mood.
Simple Example: Think of a local Ramlila performance. The people playing Ram and Ravan are the actors, the local villagers watching are the audience, the maidan (field) is the space, the Ramayana is the story, and their traditional crowns and bows are the technical elements."
2,"Trace the historical evolution of theatre from its ancient origins through the Middle Ages and the Renaissance.","Ancient Origins:
Sanskrit Theatre (Ancient India): This is one of the oldest structured theatre traditions in the world. It was highly stylized, deeply spiritual, and beautifully combined acting, dance, and music. Abhigyan Shakuntalam by Kalidas is a prime example of this rich tradition.  
Greek Theatre: Originating in Athens around the 6th century BCE, this started as religious festivals honoring Dionysus, the god of wine. The Greeks invented the genres of Tragedy and Comedy. Actors wore large masks with exaggerated expressions. Sophocles' Oedipus is one of the most famous Greek tragedies.  
Roman Theatre: The Romans borrowed heavily from the Greeks but focused much more on pure entertainment and comedy. Their plays featured more spectacular visual effects, acrobatics, and physical humor.
The Middle Ages (approx. 5th to 15th Century):
After the fall of the Roman Empire, organized theatre largely disappeared until the Church revived it. Theatre became a tool for religious education. ""Mystery Plays"" and ""Morality Plays"" were performed on moving wagons in town squares to teach Bible stories to common people who could not read.
The Renaissance (approx. 14th to 17th Century):
""Renaissance"" means rebirth. Society shifted its focus back to humanism and the classical ideas of Greece and Rome. Theatre moved away from strictly religious themes to focus on complex human emotions, politics, and secular stories. This was the golden age of William Shakespeare, whose play Macbeth brilliantly explores human ambition and guilt."
3,"Discuss the major modern theatre movements, specifically realism, expressionism, and absurdism, and evaluate the contributions of key playwrights.","As society rapidly modernized in the late 19th and 20th centuries, theatre adapted to reflect complex new realities.  
Realism:
What it is: The goal of realism is to show life exactly as it is. It focuses on ordinary people dealing with everyday, relatable problems. The dialogue sounds like natural conversation, and the sets look like real rooms.
Key Playwright: Henrik Ibsen. His famous play A Doll's House (गुड़िया घर) is a masterpiece of realism. It shocked audiences at the time because it showed a realistic, unromanticized view of a deeply flawed marriage, forcing society to look at its own strict gender roles.  
Expressionism:
What it is: Instead of showing the outside world realistically, expressionism shows the inner emotional world of a character. Sets might be distorted, lighting might be harsh and unnatural, and acting can be highly exaggerated to show a character's inner anxiety or madness.
Example/Contribution: If a character feels trapped by their job, an expressionist play won't just show them looking sad at a desk; the walls of the set might literally lean inward to crush them, visually representing their panic.
Absurdism (Theatre of the Absurd):
What it is: Emerging after the devastation of World War II, this movement suggests that human existence has no inherent meaning or logic. The plays often feature nonsensical dialogue, repetitive actions, and plots that don't go anywhere.
Key Playwright: Samuel Beckett (famous for Waiting for Godot). His work forces the audience to confront the sometimes confusing and cyclical nature of life, showing characters struggling to find purpose in an unpredictable world."
4,"How does theatre function as a reflection of society? Discuss its role within various cultural and social contexts.","Theatre acts as a mirror held up to society. It does not just entertain; it documents history, challenges norms, and provokes thought.  
Reflecting Values and Struggles:
Whatever a society is worried about, dreaming about, or fighting for will eventually end up on stage. For instance, modern plays often deal with themes like climate change, mental health, or technological isolation, because those are our current societal concerns.
Role in Cultural Contexts (Preservation and Identity):
In many cultures, theatre is the primary way history and traditions are passed down. For example, traditional Rajasthani folk theatre forms, like Khayal, don't just entertain; they preserve local dialects, hero-myths, and the vibrant cultural identity of the region, ensuring the newer generation stays connected to their roots.
Role in Social Contexts (Education and Protest):
Theatre has immense power to influence public opinion.
Education: ""Street theatre"" (Nukkad Natak) is frequently used in villages and cities to educate people on social issues like sanitation, voting rights, or girl-child education.
Protest: During the Indian independence movement, playwrights used theatre to subtly mock British rule and awaken patriotic fervor among the masses, showing how art can be a powerful tool for social change."
1,"Examine the playwright's craft by detailing the critical components of script structure.","The Concept:
A playwright is like an architect building a house; they don't just write words, they build a structure. The script is the blueprint for the entire performance.  
Critical Components of Script Structure:
Exposition (The Beginning): This is the setup. It introduces the audience to the main characters, the setting, and the basic situation before the real trouble starts.
Inciting Incident (The Spark): The specific event that kicks off the main plot. It disrupts the normal world of the characters.
Rising Action (The Conflict): The series of events and obstacles the characters face as they try to achieve their goals. This builds tension.
Climax (The Peak): The turning point and the moment of highest emotional intensity. It is the big showdown or the moment a massive secret is revealed.
Falling Action & Resolution (The Ending): The aftermath of the climax where loose ends are tied up, and the characters establish a new ""normal.""
Stage Directions: These are the instructions written by the playwright (usually in brackets) telling the actors where to move, how to say a line, or what the lighting should look like.
Simple Example: Imagine a play about a student preparing for a tough competitive exam.
Exposition: We see the student studying late at night in their village.
Inciting Incident: They lose their only study book right before the exam.
Climax: They confront a rival who stole the book and get it back in a tense argument.
Resolution: They sit for the exam with confidence."
2,"Compare and contrast foundational acting methods, such as those developed by Stanislavski and Meisner.","The Concept:
Acting isn't just pretending; it is a psychological craft. Over the years, masters have developed different ""methods"" or systems to help actors deliver realistic, believable performances.  
Stanislavski Method (Inside-Out):
The Approach: Developed by Konstantin Stanislavski, this method asks actors to use their own personal memories and emotions to connect with the character.
Key Technique (""The Magic If""): The actor asks, ""What would I do if I were in this exact situation?""
Example: If an actor needs to cry on stage because their character lost a friend, a Stanislavski-trained actor might think about a time they lost a beloved pet in real life to trigger genuine tears.
Meisner Technique (Outside-In):
The Approach: Developed by Sanford Meisner, this method argues that thinking too much about your own past traps you inside your head. Instead, Meisner teaches actors to focus completely on their scene partner.
Key Technique (Repetition): Actors practice repeating phrases to each other, changing the tone based only on how the other person is behaving in that exact moment. It is about ""living truthfully under imaginary circumstances.""
Example: For that same crying scene, a Meisner-trained actor won't think about their dead pet. Instead, they will look deeply into their co-actor's eyes and let the sadness of their co-actor's expression bring them to tears naturally in the moment.
The Contrast: Stanislavski relies on pulling from your own past emotions, while Meisner relies on reacting instantly to what is happening right in front of you."
3,"Describe the distinct roles and responsibilities of various industry professionals involved in a theatrical production.","The Concept:
Theatre is highly collaborative. It takes a whole team of industry professionals to take a script from the page to the stage.  
The Director (The Captain):
Role: The director is the unifying visionary of the play. They do not act or build the sets, but they guide everyone who does.  
Responsibilities: They cast the actors, decide the overall tone or ""concept"" of the play, block the scenes (decide where actors stand and move), and ensure the final performance tells a cohesive story.
The Actor (The Communicator):
Role: The human bridge between the playwright's words and the audience.  
Responsibilities: Memorizing lines, attending rehearsals, applying acting techniques (like Stanislavski or Meisner) to build a believable character, and taking directions from the director to fit into the overall vision.
The Designer (The World-Builders):
Role: Designers create the physical and sensory environment of the play. There are usually several types: Set, Lighting, Costume, and Sound designers.  
Responsibilities: * Set Designers draw and build the physical backdrop (like a realistic living room or a fantastical forest).
Costume Designers create the clothes that tell the audience about a character's status, era, or personality.
Lighting/Sound Designers control the mood (e.g., using a harsh red spotlight and a loud siren to create a feeling of danger).
Simple Example: If a theatre production is a ship, the Script is the map, the Director is the captain steering the wheel, the Designers built the ship and its sails, and the Actors are the crew bringing it to life on the water."
1,"What are the defining characteristics of Comedy and Tragedy? Illustrate your answer by analyzing significant works.","The Concept:
Since ancient Greece, theatre has been divided into two main masks: the laughing face (Comedy) and the weeping face (Tragedy). They represent the two extremes of the human experience.
Tragedy (The Fall of a Hero):
Characteristics: Tragedies deal with serious, heavy themes like life, death, betrayal, and fate. The main character (the tragic hero) is usually an important or good person who has a ""tragic flaw""—like extreme pride, blind ambition, or jealousy. This flaw, combined with bad luck or fate, leads to their ultimate downfall or ruin.
Example Analysis (Macbeth by William Shakespeare): Macbeth is a brave and respected general. However, his tragic flaw is his unchecked ambition. Driven by prophecies and his wife's urging, he murders the king to take the throne. This one act spirals into guilt, paranoia, and more murders, ultimately leading to his own tragic death.
Comedy (The Celebration of Life):
Characteristics: Comedies are meant to entertain and make the audience laugh, but they also poke fun at human foolishness and societal rules. They usually feature everyday people caught in misunderstandings, mistaken identities, or romantic mix-ups. No matter how chaotic things get, a comedy almost always ends happily, often with a wedding or a peaceful resolution.
Example Analysis (Bhagavadajjukam by Bodhayana): This classic Sanskrit play is a brilliant comedic farce. It features a mix-up where a wise ascetic monk's soul accidentally enters the body of a deceased courtesan, and her soul enters his body. The resulting chaos is hilarious, using physical comedy and mismatched behavior to make a satirical point about societal roles and human nature."
2,"Outline the evolution and key elements of musical theatre, and discuss the cultural impact of iconic musicals.","The Concept:
Musical theatre is a form of performance that combines acting, singing, spoken dialogue, and dancing. The emotional content of the story is communicated just as much by the music and movement as it is by the words.
Evolution:
Early Days: It started as separate, disjointed acts like vaudeville, minstrel shows, and European operettas (which were mostly light singing with very little plot).
The ""Book Musical"" (Mid-20th Century): The true evolution happened when creators started integrating the songs seamlessly into the story. Instead of stopping the play to sing a random song, the song became the dialogue. When a character's emotions become too strong for spoken words, they break into song.
Key Elements:
The Book (Libretto): The spoken dialogue and the overall plot structure.
The Score & Lyrics: The music composed for the show and the words sung to that music.
Choreography: The designed dance movements that help tell the story visually.
Cultural Impact of Iconic Musicals:
Musicals often make difficult social issues easier for the general public to digest.
Example: West Side Story took the classic Romeo and Juliet romance and placed it in 1950s New York, using spectacular music and dance to highlight the very real, very raw cultural issues of gang violence and racial tension between different immigrant communities. It forced audiences to confront societal prejudices while being deeply entertained."
3,"What defines contemporary theatre? Provide an overview of how modern playwrights explore diverse voices and experimental themes.","The Concept:
Contemporary theatre refers to the plays being written and produced today. Unlike classical theatre, which followed strict rules of structure, contemporary theatre is all about breaking the rules and experimenting.
Defining Characteristics:
Realism mixed with the abstract: A play might start in a normal living room but suddenly feature surreal elements, like characters talking directly to the audience or time freezing.
Integration of Technology: Modern plays frequently use large video projections, live camera feeds, and complex digital soundscapes to tell the story.
Immersive Theatre: Breaking the ""fourth wall."" Sometimes, there is no stage. The audience might walk through a building where actors are performing in different rooms, making the audience a part of the play.
Exploring Diverse Voices and Experimental Themes:
Historically, theatre was dominated by a single cultural perspective. Contemporary playwrights are changing this by bringing marginalized stories to the center stage.
Diverse Voices: Modern theatre actively explores themes of gender identity, LGBTQ+ experiences, racial inequality, and post-colonial struggles. Playwrights are telling stories from the perspective of minorities whose histories were previously ignored on stage.
Experimental Themes (Documentary Theatre): Playwrights now create ""Verbatim Theatre,"" where they don't invent dialogue. Instead, they interview real people about a real-life crisis (like a natural disaster or a political scandal) and use the exact transcripts of those interviews as the script. It blurs the line between journalism and art."
1,"Explain the importance of theatre etiquette and what expectations one should have when preparing for a live theatre experience.","The Concept:
Unlike watching a movie at home, a live theatre performance is a shared, real-time experience between the actors and the audience. Because it happens live, the audience's behavior directly impacts the performers and the overall atmosphere.  
Importance of Theatre Etiquette:
Understanding etiquette and expectations is a crucial part of preparing for a theatre experience. Etiquette simply means the rules of polite behavior. In theatre, this includes arriving on time, turning off mobile phones, and remaining quiet during the performance. This respect allows the actors to concentrate and ensures that the rest of the audience can fully immerse themselves in the story.  
Expectations:
When discussing the importance of live performance, you should expect an environment full of immediate energy. Every show is unique; actors might pause for audience laughter, or slight variations in line delivery might occur.  
Simple Example: Imagine an actor delivering a very quiet, emotional monologue about losing a loved one. If a mobile phone suddenly rings in the front row, the emotional tension is broken for everyone in the room. Good etiquette ensures the magic of the live moment is protected."
2,"After experiencing a live theatre event, what key elements should be observed and discussed to effectively review and analyze the performance?","The Concept:
Analyzing a live performance goes beyond simply saying, ""I liked it"" or ""I didn't like it"". It involves a detailed discussion on the specific elements observed during the performance and sharing perspectives through group analysis. This critical thinking is essential when you write a review of the performance.  
Key Elements to Observe:
Acting: Did the actors make you believe in their characters? How did they use their voice, body language, and facial expressions?
Design (Visuals and Audio): How did the sets, costumes, lighting, and sound contribute to the mood?
Direction: Did the story flow well? Were the actors' movements on stage (blocking) natural and effective?
The Script: What was the core message or theme of the play?
Simple Example: In your reflective assignment, instead of just writing, ""The play was scary,"" you would analyze the elements: ""The performance felt tense because the lighting designer used harsh, sudden flashes of bright light, and the lead actor spoke in a rapid, breathless voice during the climax."""
3,"Describe the collaborative creative process in a theatre production, from finalizing production concepts to peer feedback and final presentation.","The Concept:
Theatre is never a one-person job; it requires a team working together to bring a vision to life. The practical portion of your course focuses heavily on this group project work.  
The Process:
Finalizing Concepts: First, groups finalize their production concepts and presentations. This means deciding on the core idea—like choosing to perform a classic folktale but setting it in a modern-day office.  
Development and Peer Feedback: As the group builds the scene (rehearsing lines, planning basic movements), they participate in peer feedback sessions. This is where other students watch a rehearsal and offer constructive advice on what is working and what is confusing.  
Final Presentation: Finally, the groups present their concepts to the class. After the performance, there is a discussion on the creative process, allowing the team to explain the choices they made along the way.  
Simple Example: Your group decides to put on a short comedic scene. During the peer feedback session, classmates mention that one character's jokes are hard to hear. The group collaborates to adjust the staging, moving that actor closer to the center of the stage for the final presentation."
4,"Reflect on the overall theatre experience: how does analyzing and engaging with theatre contribute to personal growth and make the art form meaningful?","The Concept:
The course wrap-up involves final reflections and evaluations to understand the deeper impact of the art form. Theatre is not just about entertainment; it is an exercise in empathy and understanding the world.  
Personal Growth:
A key part of reflecting on the theatre experience is the discussion on personal growth and learning from the course. Engaging with theatre forces you to step into another person's shoes. Whether you are acting in a scene or deeply analyzing a character's motives as an audience member, it builds emotional intelligence, critical thinking, and confidence in expressing your own ideas.  
Making the Art Form Meaningful:
An analysis of what makes theatre meaningful reveals that it connects us to shared human experiences. When we see our own fears, joys, or societal issues reflected live on stage, it validates our feelings and sparks important conversations.  
Simple Example: Reading about a historical event in a book gives you the facts. However, watching a live play about the people who lived through that event—seeing their tears and hearing their voices—creates a deep emotional connection. That empathy is what makes the theatre experience truly meaningful."
